,                 TITULO,                 FECHA
89,A Multifractal Model for Cognitive Radio Networks,2019.0
94,Aplicación Inmersiva para el Consumo de Recursos Digitales basada en Navegación por Ontologías como Estrategia de interacción,2020.0
152,Aplicación inversiva para el consumo de recursos digitales basada en navegación por ontología como estrategia de interacción,2020.0
105,Applied Computer Sciences in Engineering,2016.0
207,"Applied Computer Sciences in Engineering  5th Workshop on Engineering Applications, WEA 2018, Medellín, Colombia, October 1719, 2018, Proceedings, Part I",2018.0
108,"Applied Computer Sciences in Engineering 4th Workshop on Engineering Applications, WEA 2017",2017.0
107,"Applied Computer Sciences in Engineering, Third Workshop on Engineering Applications, WEA 2016",2016.0
110,"Applied Computer Sciences in Engineering, WEA 2018, Part I",2018.0
214,Aprendizajes sobre trabajos de grado Una experiencia de la educación en ingeniería por ciclos,2016.0
172,Arquitecturas de Red Neuroconvolucional para Aplicaciones de Robótica Asistencial,2020.0
199,Bases de datos en SQL Sevier,2018.0
34,CONTROLY GESTION PARA MICRORREDES ELCTRICAS BASADAS EN CONVERTIDORES DE POTENCIA Inicio,2022.0
234,Cargadores de baterías de mediana y baja capacidad para vehículos eléctricos Consideraciones preliminares de diseño,2021.0
37,Cloud Computing,2016.0
155,Compensación de potencia reactiva en sistemas de distribución un enfoque formal basado en optimización matemática,2020.0
54,"Construccion e inspeccion tecnica para vivienda VIP y VIS, en sistema de mamposteria confinada y estructural",2016.0
235,Control y gestión para microrredes eléctricas basadas en convertidores de potencia,2022.0
69,DETECCIN Y CORRECCIN DE PROPAGACIONES ANMALAS EN RADARES METEOROLGICOS,2020.0
215,"Detección, caracterización y modelado del ruido aperiódico en un sistema de comunicaciones por líneas eléctricas  PLC  visto desde las fuentes generadoras",2021.0
136,Dinámica y pensamiento sistémico,2016.0
208,EDUCACIN OCCIDENTAL O EDUCACIN PROPIA UN DILEMA,2019.0
56,Empoderamiento comunitario en la construcción de viviendas saludables,2017.0
95,Enriquecimiento de Recursos Educativos Un enfoque aplicado a la Web Semántica y Datos Abiertos,2022.0
52,Enriquecimiento de recursos educativos un enfoque aplicado a la web semántica y datos abiertos,2022.0
242,Entorno de trabajo bioinformático para RNASEQ,2016.0
49,Entornos De Búsquedas Navegacionales A Partir De Esquemas De Representación De Conocimiento,2018.0
145,Entornos de búsquedas navegacionales a partir de esquemas de representación de conocimiento,2018.0
182,Fotónica de microondas y procesado todoóptico aplicados a la conmutación de paquetes ópticos,2017.0
220,Fundamentos para el análisis y diseño de agrupaciones de antenas,2017.0
44,GESTIN Y CIBERSEGURIDAD PARA MICRORREDES ELCTRICAS RESIDENCIALES,2020.0
232,Gestion y ciberseguridad para microrredes eléctricas residenciales,2020.0
33,Gestión Y CIberseguridad para microrredes Eléctricas residenciales,2020.0
233,Gestión y ciberseguridad para microrredes eléctricas residenciales,2020.0
57,Habitabilidad de la vivienda una perspectiva de la salud,2017.0
193,INDICADORES TIC,2019.0
197,INDICADORES TIC PRINCIPALES INDICADORES Y MODELOS DE MEDICIN DE POLTICAS PBLICAS EN EL SECTOR DE LAS TECNOLOGAS DE LA INFORMACIN Y COMUNICACIONES  TIC,2019.0
39,INTRODUCCIN A GRANJAS INTELIGENTES Y GENERACIN DE ENERGA ELCTRICA PARA HACER FRENTE AL CAMBIO CLIMTICO EN LA REGIN ANDINA,2021.0
38,INTRODUCCION A LA INVESTIGACIN SOBRE DESASTRES NATURALES Y CIUDADES INTELIGENTES,2020.0
60,Ingeniería Ambiental Análisis Aplicado a la Calidad del Agua,2019.0
61,Ingeniería Ambiental Análisis Aplicado a la Tratabilidad del Agua,2019.0
227,Integración de las TIC como apoyo al desarrollo de habilidades espaciales,2016.0
194,Integración de recursos energéticos distribuidos en redes eléctricas de distribución,2021.0
10,"Integración de subsistemas, análisis y pruebas del picosatélite CubesatUD Colombia1",2019.0
96,Introducción al Control Robusto y Diseño con Matlab,2017.0
219,Introducción al análisis y diseño de antenas planas y sus aplicaciones,2017.0
196,Investigación de operaciones,2018.0
125,Investigación en Ingeniería apoyada por la gestión del conocimiento y la internet social,2019.0
127,Investigación en Ingeniería fundamentada en la gestión del conocimiento,2020.0
222,Investigación en ingeniería apoyada por la gestión del conocimiento y la internet social,2019.0
200,Java Básico,2018.0
19,LA INGENIERA ONTOLGICA Y SUS APORTES A LA GERENCIA DE PROYECTOS,2022.0
119,LOS RECURSOS DISTRIBUIDOS DE BIOENERGA EN COLOMBIA,2020.0
8,Laboratorio de telesalud y telemedicina Un modelo para implementar,2020.0
32,Los recursos distribuidos de bioenergía en Colombia,2020.0
146,Mecanismos de exploración de recursos sobre linked open data mediante principios de seguridad,2017.0
25,MetaProceso de Desarrollo de Software El grial de las metodologías y procesos,2016.0
201,Microrredes Eléctricas,2016.0
163,Modelado dinámico y estratégico de la cadena agroindustrial de frutas Un enfoque para la gestión de tecnología,2017.0
83,Modelo adaptativo multivariable de handoff espectral para incrementar el desempeño en redes móviles de radio cognitiva,2017.0
124,Modelo de Madurez para la Capacidad de la Enseñanza en Ingeniería,2016.0
84,Modelo de asignación multicanal con equidad para la movilidad espectral en redes de radio cognitiva,2017.0
153,Modelo de comunicaciones basado en IoT pra la transmisión de datos de estaciones mmeterológicas,2020.0
90,Modelo de decisión espectral para redes de radio cognitiva,2019.0
7,Modelo de integración de servicios para el sistema de salud en Colombia,2019.0
137,Modelo de madurez para la capacidad de la enseñanza en ingeniería,2017.0
88,Modelo de predicción de la ocupación espectral para el análisis y diseño de redes de radio cognitiva,2018.0
244,OPENCL PRCTICO COMPUTACIN HETEROGNEA PARALELA,2019.0
92,Ocupación espectral y modelo de radio cognitiva para la ciudad de Bogotá,2016.0
11,OpenSITEM Caracterización de nodos en redes de telesalud,2019.0
62,PROPUESTA DE DIAGNSTICO DE HABITABILIDAD EN ASENTAMIENTOS HUMANOS A NIVEL URBANO,2020.0
202,PRUEBAS A TRANSFORMADORES DE DISTRIBUCION PARA VERIFICAR SU ACTITUD PARA SOPORTAR EL CORTOCIRCUITO,
132,Problema social de la corrupción Perspectiva desde la dinámica de sistemas,2016.0
106,Problema social de la corrupción perspectivas desde la dinámica de sistemas,2016.0
245,REDES NEURONALES CONVOLUCIONALES USANDO KERAS Y ACELERANDO CON GPU,2020.0
120,Redes neuronales convolucionales usando keras y acelerando con GPU,2020.0
181,Redes ópticas de acceso convergente,2016.0
71,Sistema de Simulación del Flujo de partículas ionizadas penetrantes para el picosatélite Cubesat UD,2017.0
6,Sistema de simulación del flujo de particulas para el picosatélite CubeSat UD,2017.0
212,"Sistemas de generacion de energia electrica basada en biogas digestion anaerobia, generacion de biogas e implementacion computacional",2022.0
53,Tecnologías para el tratamiento del agua Primer Seminario Nacional de Control de la Contaminación Ambiental,2016.0
9,Turbocódigos,2019.0
102,Técnicas De Simulación En Producción,
